Client Name,Assignment Name,Field,Service,Assignment Description,Cost (Ex-Vat)
Client A,Assignment Name 1,Energy,Service 1,"Lorem ipsum dolor sit amet, consectetur adipiscing elit. Praesent nisl ex, iaculis a leo vitae, volutpat eleifend turpis. Praesent vel nibh pretium, varius tellus sagittis, congue odio. Maecenas pharetra metus augue, at imperdiet lorem consectetur quis. Lorem ipsum dolor sit amet, consectetur adipiscing elit. Ut a arcu sed libero posuere sollicitudin. Nulla ullamcorper, ligula ut dapibus porttitor, quam dolor porttitor quam, sit amet convallis neque felis a ipsum. Nulla id eros fringilla felis iaculis interdum. Quisque at placerat nibh.",1000
client B,Assignment Name 2,Health,Service 2,"Etiam eu ligula eu lectus molestie iaculis. Quisque eu ultrices dui. Sed massa felis, congue eu risus ut, placerat faucibus justo. Duis neque metus, posuere vitae tortor at, euismod rhoncus ligula. Quisque pharetra dapibus hendrerit. Vivamus a suscipit mauris, eu congue diam. Nunc pellentesque pellentesque erat, convallis tristique purus tincidunt vel. Vestibulum erat urna, congue ut porta ut, interdum at nunc. Donec ultricies purus nec pretium egestas.",5000
Client C,Assignment Name 3,Government,Service 3,"Orci varius natoque penatibus et magnis dis parturient montes, nascetur ridiculus mus. Curabitur venenatis sodales pretium. Etiam consequat lacus at enim pretium laoreet. Fusce lorem ante, iaculis eu massa vitae, lobortis aliquam purus. In hac habitasse platea dictumst. Mauris velit nibh, commodo a vestibulum vitae, fringilla a felis. Maecenas pellentesque pellentesque lectus ut feugiat. Mauris sit amet condimentum tortor. Vivamus vitae sapien venenatis ligula pellentesque finibus eget vitae ipsum. Integer at ultrices diam. Fusce gravida, mauris non iaculis mattis, augue eros tincidunt leo, a pharetra sapien purus et tellus.",10000
Client D,Assignment Name 4,Energy,Service 4,"Sed tempus ex ac porta convallis. Duis feugiat nisl nibh, ac interdum risus auctor quis. In hac habitasse platea dictumst. Nam turpis odio, consectetur at consectetur non, commodo id orci. Pellentesque habitant morbi tristique senectus et netus et malesuada fames ac turpis egestas. Pellentesque habitant morbi tristique senectus et netus et malesuada fames ac turpis egestas. Pellentesque quis tellus ut nunc scelerisque vulputate. Cras auctor efficitur mi vel molestie. Praesent feugiat ligula a massa cursus dictum quis nec lectus. Morbi interdum egestas est sit amet mattis. Integer vitae bibendum augue. Sed ut tortor molestie, placerat libero suscipit, ultricies libero.",1000
Client E,Assignment Name 5,Energy,Service 1,"Aliquam rutrum ante quis magna luctus, id hendrerit nunc scelerisque. Suspendisse commodo bibendum nibh. Proin placerat eget velit eget aliquam. In lobortis eros eu nisi euismod pulvinar. Nullam sodales magna eu tincidunt placerat. Vivamus cursus mi metus, vel ullamcorper massa suscipit ac. Nulla et lobortis felis. Aenean dignissim neque ut enim efficitur tristique. Nam bibendum consectetur risus sit amet ultrices. Aliquam porttitor turpis et est placerat sagittis. Morbi porta ligula eu venenatis faucibus. Aenean ac mi et risus porta egestas ac vitae augue.",3000
Client F,Assignment Name 6,Energy,Service 2,"Suspendisse pharetra dolor in bibendum pretium. Integer lobortis nibh nec lorem tincidunt, id mollis ante mattis. Nullam tempus lorem ultricies, ultrices metus id, ornare ex. Curabitur id tempus justo. Curabitur pretium accumsan feugiat. Integer et tortor mattis, mattis elit eu, sodales mi. Cras congue convallis malesuada. Fusce leo lectus, ornare non sapien ut, convallis dignissim orci. Donec efficitur sit amet quam interdum gravida. Vestibulum sapien quam, sagittis lacinia lectus et, viverra gravida massa. Proin sodales lacus sapien, aliquam consequat odio finibus viverra. Fusce aliquet purus auctor finibus vestibulum.",10000
Client G,Assignment Name 7,Health,Service 3,"Vivamus a tortor faucibus, vestibulum lorem pretium, rhoncus purus. Nullam sit amet ex porttitor, ullamcorper lacus at, consequat lacus. Proin fermentum nunc fringilla venenatis hendrerit. Donec sem risus, accumsan eget augue a, vehicula sagittis dolor. Donec laoreet felis sit amet ante vestibulum, in tempus dolor placerat. Fusce quis sem ut tortor hendrerit condimentum ut sit amet massa. Vivamus ac lacus a felis pretium sodales at eu nulla. Morbi quis eleifend dolor, non posuere lectus. Maecenas vitae dolor a felis lobortis facilisis. Duis id luctus nunc, eu tempor est. Integer pretium et massa id lobortis. Integer mollis quam sit amet lorem ultricies, sed auctor orci tincidunt.",2000
Client H,Assignment Name 8,Health,Service 2,"Suspendisse ut elit facilisis, pellentesque turpis a, accumsan dui. Aenean eu tortor dui. Ut a felis et metus cursus aliquam et non elit. Donec efficitur dapibus orci. Nunc ornare eget urna in mollis. In hac habitasse platea dictumst. Donec sed rutrum augue. Sed nec tortor a nisl euismod rhoncus et vehicula elit. Suspendisse suscipit congue diam sit amet faucibus. Praesent ornare ac nibh eget bibendum. Ut consectetur et elit et rhoncus. Pellentesque elementum vestibulum justo. Duis diam mauris, tincidunt eu tincidunt ut, varius vel magna.",8000
Client I,Assignment Name 9,Energy,Service 1,"Suspendisse purus sapien, suscipit in tempor id, suscipit at metus. Nullam a felis fermentum, laoreet dolor eget, pulvinar sem. Fusce blandit mi sed ex ultricies, eget mattis quam hendrerit. Nunc accumsan commodo tellus, nec iaculis neque ullamcorper eget. Nulla ultricies sapien purus, ornare sollicitudin quam convallis sed. Sed et orci ac nulla dictum aliquet ut a nunc. Nunc sed nunc pellentesque, vestibulum nisl eu, vestibulum ligula. Donec lacinia nibh vitae ullamcorper luctus. In hac habitasse platea dictumst. Donec aliquet est eget est vestibulum, et bibendum erat porta. In viverra odio at interdum mattis. Curabitur a enim id est bibendum egestas. Cras cursus pulvinar risus vitae sagittis. In tempor augue vitae tellus viverra interdum. Vivamus sit amet sapien quam.",9000
Client J,Assignment Name 10,Health,Service 2,"Aliquam rhoncus dictum porttitor. Vestibulum non tellus ligula. In sit amet ligula nibh. Duis at leo est. Vivamus suscipit blandit nisi, sit amet condimentum erat pellentesque non. Proin sit amet finibus felis. Nunc elementum diam et dictum mattis. Sed sapien mauris, vehicula in nisl at, suscipit ullamcorper metus. Nunc sodales risus in lacinia rutrum. Cras nec sem ante. Vestibulum nec dignissim erat. Nunc risus lorem, tincidunt eu ipsum sed, efficitur feugiat ipsum. Sed iaculis ex vel molestie ornare. Donec augue mauris, eleifend ut ornare et, tincidunt quis erat. Curabitur diam mauris, pellentesque eu aliquam vel, bibendum non erat. Integer mattis condimentum sapien ut euismod.",10000
Client A,Assignment Name 11,Energy,Service 3,"Suspendisse ullamcorper massa ac sem fermentum feugiat. Interdum et malesuada fames ac ante ipsum primis in faucibus. Duis vel ligula ut ligula fermentum interdum eu sed purus. In non libero enim. Duis laoreet gravida sapien ut imperdiet. Sed faucibus nec lectus id faucibus. Etiam pharetra leo risus, vel mattis mauris tristique nec. In iaculis sollicitudin mauris quis dignissim. Morbi sagittis elit sed ipsum vestibulum, quis ultricies quam luctus. Nullam mattis scelerisque sapien, ut fermentum tortor sollicitudin a. Fusce porttitor elit ac fringilla interdum. In vulputate mollis nunc vitae rhoncus. Aenean cursus sem et efficitur efficitur.",1000
Client G,Assignment Name 12,IT,Service 4,"Suspendisse placerat velit sed lectus elementum, eu gravida ipsum dapibus. Mauris fringilla orci lacus, ut suscipit mauris dictum sit amet. Etiam bibendum tincidunt massa, id convallis enim finibus eget. Curabitur facilisis purus erat, non accumsan sapien viverra quis. Nunc urna justo, vulputate et lacus ac, pharetra bibendum metus. Curabitur vel auctor metus, quis blandit tortor. Class aptent taciti sociosqu ad litora torquent per conubia nostra, per inceptos himenaeos. Sed a leo in tellus cursus bibendum non id enim.",5000
Client D,Assignment Name 13,IT,Service 1,"Nulla venenatis semper lectus, sed porttitor tellus condimentum eu. Mauris non tempus risus, sit amet rhoncus sapien. Vivamus convallis sagittis diam, at sagittis eros dapibus at. Sed tincidunt eu lorem non condimentum. Nulla ac dolor feugiat, viverra neque malesuada, consequat lacus. Aenean convallis velit in convallis pulvinar. Morbi interdum luctus ligula, at condimentum leo aliquam nec. Ut luctus purus nulla, eget pellentesque risus suscipit ac.",10000
Client G,Assignment Name 14,Health,Service 2,"Maecenas vitae rutrum purus, non suscipit est. Nam feugiat mauris quis volutpat efficitur. Cras quis orci et tellus sagittis interdum sed in erat. Nullam vitae lectus vel eros pharetra dictum. Vivamus vel neque a tortor venenatis tincidunt. Ut mattis mattis elit, non tempor nibh rhoncus at. Curabitur id elit porttitor, vestibulum urna a, facilisis est. Nam eu sagittis lectus. Praesent feugiat commodo tortor, vitae facilisis ipsum dapibus et. In consequat lectus ex, et aliquet tellus tempus quis. Pellentesque commodo venenatis mauris, ac commodo leo malesuada at. Proin sed libero erat. Duis ut neque id nibh commodo mattis ut quis odio. Donec consequat vulputate neque, quis mollis nisi pulvinar id.",9000
Client C,Assignment Name 15,Health,Service 3,"Donec enim justo, tincidunt in ultrices quis, placerat eget eros. Vivamus in nulla et nisi vulputate tempus sed id erat. Nulla mollis et urna id suscipit. In ultrices nulla id ex porta dapibus. Pellentesque habitant morbi tristique senectus et netus et malesuada fames ac turpis egestas. Sed mauris justo, fermentum at sem vitae, feugiat dapibus ante. Ut eu augue vitae neque tempor accumsan. Pellentesque posuere risus at convallis mattis. Duis eget mi consequat, varius mi id, sodales dui.",3000
Client E,Assignment Name 16,Construction,Service 4,"In euismod ex mi, at iaculis ex tincidunt sit amet. Aliquam quis enim a dui varius tincidunt. Nulla pretium tempus consequat. Duis nisl leo, mattis et nunc sit amet, congue finibus quam. Vestibulum ut vulputate massa, ut aliquet ante. Cras ullamcorper, massa eu lacinia malesuada, nunc neque ornare lorem, euismod faucibus lacus arcu porttitor justo. Nulla molestie fringilla sollicitudin. Pellentesque eu lectus ac velit porttitor semper et dictum quam. Nulla pulvinar auctor rhoncus. Pellentesque id enim ac leo convallis pellentesque. Praesent viverra sit amet diam vitae gravida. Suspendisse libero tellus, efficitur in nisl id, vehicula congue arcu. Integer massa mi, placerat vel volutpat vitae, finibus quis augue. Aliquam nunc tortor, vestibulum vitae consectetur a, vehicula nec augue.",10000
Client D,Assignment Name 17,Medical,Service 2,"In imperdiet ultrices imperdiet. Vestibulum vitae orci eu libero pharetra condimentum at in lorem. Cras mollis faucibus lorem, quis lacinia orci. Nam sagittis, ante non feugiat volutpat, neque velit laoreet tortor, sed auctor lorem neque eu sapien. Cras quis elit mattis ligula efficitur convallis nec ac nibh. Praesent metus leo, hendrerit in neque id, congue rhoncus mi. Sed volutpat posuere diam sit amet luctus. Fusce blandit, ex in sodales accumsan, erat leo mattis augue, a commodo metus nulla et sem. Vivamus varius, dolor eget sodales mollis, felis nulla varius lacus, sed hendrerit orci eros id ligula. Fusce vel feugiat magna.",10001